Substrate,SMILES,sequence,pdbpath,log10kcat_max,log10kcat_max_mve_uncal_var,log10kcat_max_model_0,log10kcat_max_model_1,log10kcat_max_model_2,log10kcat_max_model_3,log10kcat_max_model_4,log10kcat_max_model_5,log10kcat_max_model_6,log10kcat_max_model_7,log10kcat_max_model_8,log10kcat_max_model_9,Prediction_(s^(-1)),Prediction_log10,SD_total,SD_aleatoric,SD_epistemic
Tyrosine,N[C@@H](Cc1ccc(O)cc1)C(=O)O.O,MTQQRQVASGSPHTVLAQQLISPLLLNHTNSKNPVTVVTIDGHSLSIEQLIRSTLGVGLGQKTLSAQPASTTTKNAVEFQLTNDRETIDRINESLQFMRARTGESTYGVTTGFGAAATTRTRHVQELQVSIVEHLLAGITGVDLSQLANQLKAPIHPSQPLTPNVMPESIVRAAILIRVNSLTRGHSAVRLELLHGLLSLLNLSITPVVPLRGTISASGDLAPLAYVAGALCAHPDVYVIDRSLKEPKVLSSAECLKAHGITPLVLGPKEGLAIANGTAFSAAAASMAMFQAHTLGLLSQVLTAMTVEAMVGQIGAFHPFIHQTARPHAGQIEVAKNIYRLLQTSQLLESHDEMADHDLDRERSKQILRQDRYPLRTAPQWIGPQLEDLLVAHQAIAKELNSTTDNPLVDVENGILHHGGNFQATSVATSMEKTRLAIAAIGKIIFAQVTELNNSFMNKGLPSCLNGHEPSTNYHTKGLDTSCAAYCAELQYLAGPVTTHVQSAEGHNQSINSLAFISARKTLEAIEILKMLMASHLYCLCQALDLRVLEIRLKNKLSGIFSETVEQNFGAQLSKKRMDAVVDKMIDRFWFRREMTASLDTKERVRDGLEGCVAVVMEAYELEKKQMPVGAMASFLSSSADMIAACLEGLRAEGIDHKTVDFLGGTRPLYEFVRNSLGIRARRGDVVEGTPGPTIGGMVNKIFRSLQFELLPTDQPQQFLQVLLSLFESPPAIHGDSNSKDSLCFLSPLAELDNFLNTNIFSTPFACAVSVPPVSFFLFFVLLPLALSQSSPSQLRSPSVSSFTLSTPLLFFLPPQDPPSLHYVTLNLCSSPTSQPIDFQFNNILIVSNSSDNKTSSPDQLPARSKKSIISHQSSSGDYSDLRGGFASVSLVNSVGLWISIQSPNLTKSWDFQLGVSKETPLHALNGFPAFKLDDTDDTNALMTAADPSLFQPLTDKTPLSLQQFVPMILPTPDTLQIGLSGSLCYLQSLVAAQSQDFKTHVAQLSITSSLTTRTTGAGSFSSQPTGNATDHDYRISDQAAGLRTQYLINNLRPALNYSAWLFQPGPLVDNVQTGKLWPYINFRTKISKNCRLVHDLPFCPSVAYAVPSSPSQTTSSLIDMYNQTVSVHLANFRTVVSTYPCNNDTSGRYSFVTGCGDCLRAYTDWVCAVGMPRCTDAPARPVVAAAATETQVVFTRTEPSASRTPNMTDKSVYPYAELPPCASLCTLVAATCPPLIGWTCPLPGVSLGSSYRDSRPLSPLELSGGHQSLAGFGGDRAQDRFGNVFCNALESDIVYARMGSASPLRISVQTLASLLVAQSFFFFFFLLA,seq1.pdb,0.1875477124104541,0.7859260430743971,-0.4524401294170664,0.2382202252157945,-0.1432822463457806,0.1944607322791997,0.3017627780425331,1.3087646860656992,0.2175916678349775,-0.942085917242488,1.065267314105672,0.0872180135659999,1.5400957145840175,0.1875477124104541,0.8865246996414692,0.6332461551914808,0.6204235247067958
Tyrosine,N[C@@H](Cc1ccc(O)cc1)C(=O)O.O,MVIRCNSLLRGHSAIRLSVLETLIKLINLNITPVVPLRGSISASGDLSPLSYIAGALTGHPDVKVHVVKDGKEEIMAAPEALALHGIQPVTLEAKEGLAILNGTAVSASAAALVLHDAHFLNLLSQATTALTVEAMVGHVGSFHPFIHDEARPHPTQIEVAKNLRTLLEGSSFAVQDEEEVDVKADEGTLRQDRYPLRCSAQWLGPLTSDLLHAHSVITTELNSTTDNPLIDVALGRVHHGGGFMAMAVTNVAEKTRLGLQQIGKMSFAQLTEVLNCSMSRGLPSCLAAEDPSTNYHAKGCDIAAAAYTSELGYLANPVVSPSEQGDDLRLRRSQADAPPSCSVQPAEMANQAINSLALISARKTAEANDVLSLLLATHLYCVLQAIDLRAIEFEFKKLFDPTLVTSLKQHMGAFLSTDAEVDSLATKVKKALNKRLEQTATYDLVPRWHDAFSSATGVVVEHLAASPAAAATGSANPLVALHEWKLSSAQTAIALTRQVREQFWTTPSSQAPALHYLGRTKALYSFVRDEVGVKARRGDVFVGKPEATIGSSVSKIYEAIKSGAINEVLIGMLDA,seq2.pdb,0.3416332864923525,0.7352365409256257,-1.4840276294980943,0.216006944359193,0.2362232956054264,0.572211824667358,0.7151416288845839,0.0817450061648972,0.2582876869497896,0.6038689723463964,1.1978218093539672,1.0190533260900068,2.196004807270115,0.3416332864923525,0.8574593523460023,0.4964420189793238,0.6991293605030177
Tyrosine,N[C@@H](Cc1ccc(O)cc1)C(=O)O.O,MGKATGHLKYDVHQQWPTPHVNKALESWARATELVKTGSVIIDGESLDIASVVALARYGCGVSIKRSAEIQDRINASVDTLQGYLANGYFLYGVNTGFGGSADTRTKDLLGLQRALMQHTQSAILTAQDRSDSQSSHEYLESHSMPSAWTRATMLLRCNTNIRGHSAMTANVVDTMIRLLQHDIVPIVPLRGSISASGDLMPLSYISGAIQGNPDVYVRVGGNRGFHKTMTAEQALRGASIEPVVLGPKEGLSLINGTAAAAAVATLGLYEANQLAVISQLLTALSSEALYANNEWAHPFIAAVRPHTGQIEAAQNIRNFLWGSKLIYGLEQTKDRFKSGLAQERYALRSSPQWLSPLLEDLMSAERQLTVEINSTTDNPVVNVSDNDIHCGANFQAAAVTSATEKIRLALQSIGKMLFSQTTEMINHDLSNGLPPNLAADDPSLSFCLKGIDVNTAAYTSELGFLANPVSNHVQSAEMHNQAINSLGLLSARQTMNAVEVLSLIVANCLYTGCQGVDLRTLHRTFLAQVQEPVRKLVSALVDDDEEKASSLFKAQWNLFEEAWYDYSYLDAGERCDKVSETLATAALSCAHLTGGLAVAKLEEARQALSSLVLESYEAHRDAFFQNPTTPDHLGEGTRVAYLFVRERLGVPLHRGLVEHPVANDPSGNMIEGRPKKTIGSWVSTIYEAVRDGSLYGEMFRFLETVGQEKANGSNGDVLSKHHGGNGVVSVKQNGNHGPNGTNGANGANGANGANGSNGTNGTNGTNGTNGFNGSH,seq3.pdb,0.0332208990271716,0.5709072945643086,-0.3918415011845152,-0.6386218396465665,0.1024428364550489,0.491819693392502,-0.7587992477092028,-0.2504138698117059,0.4107405021640439,-0.3626871046501577,1.0244870597795896,0.7050824614826798,1.0794956559961375,0.0332208990271716,0.7555840751129609,0.4920266610285622,0.5734257226541141
Tyrosine,N[C@@H](Cc1ccc(O)cc1)C(=O)O.O,MAITTLRVQRRSISVPIPEGSLKVTAVAVAPKSAPEPSPTPVQKTPLLSEFVESHKELESYRHGRPVMIDGQNLSIAAVTAASRYSAPVVLDNSPAIITRMDKSRDVITTKVDAGTSVYGVSTGFGGSAVTRTDQPLVLGNALLQLLQSGVLPSSSKPLDALPLLDPVASTTMPESWVRGAILIRMNSLIRGHSGVRMDLITKMNELLDADITPVVPLRGSISASGDLSPLSYVAGALTGNPSIRVFDGSRTFGAREICSSQDALKSHNIAPIALASKEHLGLLNGTAFSASVAALALNDAVHLALLAQVCTAMGTEALAGTRGSFDPFIHDVARPHPGQIESAKLIWDLLEGSTFATTSEDEVTIEEDEGILKQDRYPLRTSPQFIGPQIEDLLESLKTITIECNSNNPLVDGETGKIHNGGNFQAMAVTNAMEKTRLGLHHLGKLLFSQCTELVNPAMNRGLPPSLAATDPSLDYHCKGVDIASAAYVAELGYLANPVSTHIQSAEMHNQAVNSMALVSARATINSLEVLSMLTASYLYALCQALDLRALQKELIEGLNKIITEALSGSFGQSLSTAEHKLLVTKISNAMQDTLEATSTMDAADRMQKVAASSTTILVDFFTGPAAFDDMASLGSTLACIPEFRSAIASQATALLDTLRREYLSGGRGAAPASRYLNKTRPVYEFVRETLGVKMHGSENYTRFAKGMYVDDQSVGQNVSLIHEAIRDVHVEDMASLLDDKVVIVGAGCFGVSTAYHLLKRGFTDITILDRSPTLPAPDAASNDMNRIVRSSYSDIFYSKLAREAITAWKDRNEWRDTYQEYAASNHPGHPATKLIAHLRSGVLVLGLSENKAYADAAYQNDVVLGATLTHLSNAEAIRASLPKVPTATFEGNTGYLNMEGGWADAGQGVAIMIETVVSHGCKVLPGKPVRRVSRNKDGKTNGVVCEDGTFYAAATIVIATGSWTPSTFPDISPSHTTGLSTGRQCIAMIQLNEEEAALYKDVPVILDFRTGFYIFPPTSKGIIKMAMHLAGYTHTKGGVSTPRTITDSPSRGLLIPKHNVRELRTQLRNIYPKLAEKPFSATRLCWYNDSPDGNWIIGRVPEDSSLILATAGSGHAYKFLPVIGRLVADTVDGTIQPNVAAKFSIARSYIGADESRPGMPIAELDLDQLCMPEDLQANSLSRF,seq4.pdb,0.7651967145614369,0.2827488470362014,1.1373982779726488,1.3228385989926614,1.07160801069579,0.8351480551952318,0.5598769700863311,0.8703907659263213,0.7571456776722099,0.4333992580542563,0.3642885159538619,0.2998730150650552,5.8236694232008555,0.7651967145614369,0.5317413347072065,0.4169627125477505,0.32998627756472443
Tyrosine,N[C@@H](Cc1ccc(O)cc1)C(=O)O.O,MPESWVRGAILVRANSLIRGHSGVRWELVEKMIELLRSNITPLVPLRGSISASGDLSPLSYIAGTLIGNPSIRVFDGPSVFGARQIVSSRDALAKHNIAPIPLAAKEHLGVLNGTAFSASIAALALNDAAHLAMLAQICTAMGTEALLGERGNYHYFIHEVARPHPGQVEAARTIWDLLEGSQFAHAEEKEVTIEEDDGELRQDRYPLRTAPQFLGPQIEDIISALNTVTLECNSTTDNPLFDGETGDVHHGGNFQAMAVTNAMEKTRLALHHIGKLLFAQSTELINPTMNRGLPPSLAASDPSLNYHTKGLDIAVAAYVGELGYLASPVSTHIQSAEMHNQAVNSLALISARATVNSLEVLSLLTSTYLYLICQALDLRAMQFEFRRGLAEIVDEELRTHFGASLAPSDASSILRKVSSIMFKTLDHTSTMDAIPRMAAVSSASSSVLVEYFTSSAAVEVTALSALPAFRGAVSSRAVQLLNTLRTDYLTGARGPAPASAYLNKTRPIYEFVRVTLGIGMHGKENLDLFSEGLGVQDVTIGQNVSLIHERGFTDVTAIDRSEVLPAPDAASTDINKIVRTSYSDRFYTQLAHDSIQCWKDIEEWGDTYHECGMKGFLNRDGGWAFAAQGITKMTERVLSMGGKVIGGKGARGLSKVGGRTTGVKCSDGTIMSADLVVIASGSWTASSFTDLGLETSCLATGQSVATIDLTPDEADRYRKCPVILDFATGFYMFPPNSENIMKMAIHAVGHTNYASNNTSKNISTPRTILSHDKEGLLIPKAIARLLRKQMSQIYPELAHKPFSSTRLCWYTDSPDGDWVIGYYPSDAGLVLATAGSGHAYKFLPVLGRLVADSIQGTLDESIAQKFSPNRSYAKHDPSRSRAAITDLASEQLCTAEDLLPQ,seq5.pdb,0.5173560297122937,0.3159713894315482,0.6456061985963086,0.7624206381519735,0.8923271540627681,0.1860964138790828,0.1950880673482999,0.9517247793917508,0.5212632657831273,0.6703997585700625,0.2991729757651959,0.0494610455743665,3.2912133026279675,0.5173560297122937,0.5621133243675587,0.4743809427133991,0.3015528322233021
Tyrosine,N[C@@H](Cc1ccc(O)cc1)C(=O)O.O,MVMLSAETRTGIQRRRSSAATLPFGDGIIKVQTSKALKPMSTLPAELPLLQFFMDSNTELEDYKCGKYVTVDGKTLSIAAIVAASRQGTSVQLDQSPRTKEKVDQSRKTIADKVDNGISVYGVSTGFGGSADTRTDSPLALGHALLQMQHAGVLPSSTKTLDILPLLDPMGSVMPEAWVRAAMLVRMNSLIRGHSGVRWELIERMNQVLSANIIPVVPLRGSISASGDLSPLSYIAGTLCGNPSIRVFDGPSVFGFRQMVSSREALARHHIAPIPLASKEHLGILNGTAFSAAVASLALDDAVKLTLLSHVLTAMGVEALCGTRGSFDPFIHDVARPHPGQIESAKLIWNLLESSQFAVLKEEEVTIEEDEGTLRQDRYSLRTAPQFLGPQIEDLLASLATVTKECNSTTDNPLVDGTTGHVHHGGNFQAMAVTNAMEKTRLSLHHIGKLMFAQCAELMDPSMNRGLPPSLASTDPSLNYHAKGIDIATAAYVSELGYLASPVSTHIQSAEMHNQAVNSLALISTRQTLTSLDVLSILMSSYLYVICQALDLRALQHEFLIGLASICHEEVLASFGSVLPPSEFSVVEQHVRKAAIATFEKTSTLDLHERMHKVAASSTTVLVDFLTCSVNADAASSLVHIPEFRRRFSEKMALLMVDLREAYLFGKRGPAPASPYLTKTKPVYEFVRLTLGIRMHGSENYNRFVNGHGVDESTVAKDASSNDINRIVRTSYTDPFYAKLAKEAIKSWKEDVDIWGDSYHESGVLLIAGKYADEAYLNEVQQGLRLTQFERFSMVHQSFPSNVAVYLPEDTKGYLNHDNGWVDAGKATFLLTKKVIALGGKLILGKRATRLLRKGGITEAVECHDGTVVGASLVVIAAGPWSPSIFPELEYKDKSLATGQCVAMVQLSQEEADIYRNVPVVLNYSTGFYCFPPTKDNIVKIAIHAPGFTHTIDNISIPRTVTTHPEDGLFIPKAFAQRLRDEFAAVYPELAKKAFSSTRLCWYNDSPDGDWIIGRHPIDSSILFATGGSGHAFKFLPVIGRIVADAIQGTLDSLVAEKFAYDREITHVDGSRDGTGMLGRTLGGARGEGEKGVE,seq6.pdb,0.7107669974172686,0.2731037207991206,0.8668261948533462,0.8712234829879213,0.6791625826837137,0.8452930677943641,0.4113157706602273,0.8335001257842253,0.4696362003842073,1.1739097260165463,0.5226158529051614,0.4341869701029721,5.137679368785703,0.7107669974172686,0.5225932651681617,0.4661076353650261,0.23632053032596317
Tyrosine,N[C@@H](Cc1ccc(O)cc1)C(=O)O.O,MTIFSADTFSITRPHSNSLSTLKVIATPVTESPPSPVASSTSPNATNLVEEFINAHKELQSYKSGRPVVLDGHTLSIAAVAAAARYDAGVELDDSPLVKDRLLQSRQVVADKVEQGTSIYGVTTGFGGSADTRTDQPILLGNALMQMQHSGILPSSSKPLDALPLQDPFGLAMPESWVRGAMLIRMNSLIRGHSGVRWELVEKMNDLLRANITPVVPLRGSISASGDLQPLSYVAGALYGNPSIRVFDGERTSAFGPRKVVSSVEALEAHNLSPISLACKEHLGILNGTAFSASVAALALHDAVHLTLLTQVLTAMGTEALAGTRGNFDPFIHAVARPHPGQVETADVIWNLLEGSKFATTEEEEVTIDEDKGHLRQDRYPLRTSPQFIGPQVEDLIASLATITLECNSTTDNPLVDGETGKVHNGGNFQAMAVTNAMEKTRLSLHHLGKLVFSQCAELINPTMNRGLPPSLAATDPSLNYHAKGIDIASAAYVAELGYLANPVSTHIQSAEMHNQAINSMALVSGRATITSLEVLSLLIASYLYAICQALDLRALQHELYEGLDAIVKEEIIAAFSPFLHDYEITRFTAISCHIVRDAMDSTSTMDAKDRMTSVAASLTTPLVDFLTGEAFSDVVSVGQALTSIPAFRARIAARGYELLDELRRAYLSGGRGLAPASRFLNKTRPVYEFVRLTLGIKMHGVENYNDFETGVGVDDVTTGQNVSLIHETDDKILIVGAGCFGLSTASHLLDRGFKDITILDKAASLPATDAASYDLNKIVRTSYDDVFYTKLAQEAIAQWKTEEWGDTYHECGVLVLGHSDDKHSYSSQSYVNDISIGARVAVVENSTEIRNKGMFPDGVRVASLQNTAGYLNYDGGWANAAQGVELLTSRIRARGGKFVPGKEVYKLVGNPEDGRTKGVECRDGSMYDADLVIIATGAWTASAFPQLRLKEKCLATGQSVATIQLTAEEAEIYRRCPVVLNFSTGFYVFPPNQDNVVKMAMHAAGYTYVPQDTPSPSNDLGISTPRTISNANENGLRIPKVVLAQLRAHLREVYPDLAEKPFLGTRLCWYNDSPDGDWVIGFHSDDPAVLLATAGSGHAYKFFPVIGKLVADAIEGKLDPLLASKFAVDRRHSDVDQSRYGQTVEALHLDSLCTPEDLRP,seq7.pdb,0.5852161325447366,0.4620434139322695,1.4575626218054336,0.8075337500934946,0.8877463586097734,0.6386673207368729,0.522601779514392,1.4504482989896932,-0.1707544002548883,0.1061980945135543,0.3712905500192237,-0.2191330485801838,3.8478322700040004,0.5852161325447366,0.679737753793527,0.38332757602477785,0.561340701705513
Tyrosine,N[C@@H](Cc1ccc(O)cc1)C(=O)O.O,MAPPERAGKSVFLGNIPYNLTEEQVKDILSSAGTVTKFRLMMNPETGKPKGYGFADFADADAAASAVRNLNDYEVMGRKIRVDWPHNNEKDSIPPDYSQTSQVPGQDGQMGAQQSSAPLPPLPPGVDLPPHLDCPNAISQTLSSLPPNQLLDVLSQMKSLVMADPARATELLRQAPQLAYAIFQALLLMNLVDYSTLGTVVEQAAQSQSAAAAPPAAQPFQPFSAVPGPVSTPPQPQQQVPGQDELLQQVLSMPQSAIDALPPMERSQIMLLRQQLMQGAMRYGCIPKITTDPAVLEKIEASVQVLRDHLDKGYHVYGVNTGFGGSADSRTDQVVALQSGLSQLLQAGVLVASDKDTNVDLERQVRLDSHAVPVPWVRAAMLVRCNSNARGHSAVTLSVMKSILQLLESRITPVVPLRGSISASGDLIPLSYIAGAIEGNPDVHVHVQKSHKSQIMSSRDALLSAGMEPQVLGPKEGLGLVNGTSFSAALSSLVMYETHQLVVLVQAISAVALEALMGNAESFHPFISAIRPHDGQMECARNILSFLQGSRLAQGIQSVKTHTRQGLMQDRYALRCVPQWVGPQLEDLLLAHKQVTVELNSTTDNPLIDPETGDILHGGNFQAVSVTSAMEKTRSCLQMFGRLLFSQSTELVDPSLNNGLPTNLVADDPSLSFTMKGVDISMASYMAELAYLANPVSSHVQAAEMRNQSINSMAFVSSRYTMQAVEIVSLMCACSLYIGCQALDLRVLHLTYLDNIKPQLHLLTSDLFSSYLSDQELATLTESLWENISKSWSTTTRQGIPERVQVAVKNAIPTLLDTLKEKRGPGLSDLNRWETQAADLLNKTYQNTADTFFNQQNTEEFLGAGAKILYRTVRQDLNVPFHLGFVEHPTVNNETLNGRSKKTIGSWISIIYEAIRDGRLMGPFMESLASKSSSADDSLTKIRSLRMSRL,seq8.pdb,0.5572547443079987,0.555218311224067,-0.6874940015054133,0.4552761699526815,0.7414025760601989,0.6920984655362545,1.0623012475424385,1.1362065402585422,0.8753507223967045,0.8294713441653696,-0.3239614099723512,0.7918957886455618,3.607902098404976,0.5572547443079987,0.7451297277817246,0.48406077904381595,0.5664834273088322
pNP-β-GlcA,O.O=C(O)C1OC(Oc2ccc([N+](=O)[O-])cc2)C(O)C(O)C1O,MSRTPRVGLRTAVATAAAAPLVLTLAVGAGAATTPPGDLEQPELEARVKEIIEVDGYQFRDLNDNGELDPYEDWRLPTPERVADLVGQMSLVEKSGLMLINTLNAACDPQTGEFGVLPAQADNYINTQHMHRFVFRNVVDVRAEGVECTGTGTPVVSPAEAATFTNAVQEMSEATRLGIPSLFKSNARNHIDPDARVGINEAAGAFSAFPKEAGIAAAALGEQARRTGEATTGDMSVVADFADVMGEEWASIGLRGMYGYMADLSTEPRWYRTHETFTEDAYLAAEIMETLVQTLQGEELTDNGLALSPQTRVALTLKHFPGGGPQELGLDPHYAFGKAQVYPAGRFEEHFLPFQAAIDAGVSSIMPYYGVPVDVPVVGGEPGETYPHTGFAFSDSIVNGLLRDQLGFTGYVNSDTGIINDRAWGLEGNTVPERVAAAINGGTDTLSGFSDVSVITDLYEADLISEERIDLAAERLLEPLFDMGLFENPYVDPDVATATVGADDHRAVGLDLQRKSLVLLQNEETDEGPVLPLKEGGDVYILGDFTEETVESYGYEVTNGNVAEGEERPSAAGSDYVLISMTAKTNAGDYVSDDPSLGLNPDHGTNPSVIIGDDGEPLPGLDGQSLWGAADVCVHKEGHEENPSCTDNRLRFGGAYPWESSILDFTGMEAAESWEVVPSLETIQEVMAEVEDPSKVILHVYFRQPYVLDEESGLRDAGAILAGFGMTDTALMDVLTGAYAPQGKLPFALAGTREAIIEQDSDRPGYDETEDGALYPFGYGLTYEDDTEEPTTPEPEPTTSPDDETPGDDRTPGDDQTPGDDETPADDDETPGDTTDDESPAAGADSGNLARTGAPVTALALVAVAALVLGTALLIQRRFARTQG,seq9.pdb,1.3851534299867043,0.7282100914125107,1.6592595242833543,1.3623810973573467,0.3091689123672299,0.2783972196682047,2.0058923107793345,1.3100012298755062,1.1026242223432705,2.175245428323631,2.322828750873097,1.3257356039960682,24.274675329376226,1.3851534299867043,0.853352266893638,0.5334789571355202,0.6660407597933542
pNP-β-Glc,O.O=[N+]([O-])c1ccc(O[C@@H]2O[C@H](CO)[C@@H](O)[C@H](O)[C@H]2O)cc1,MSRTPRVGLRTAVATAAAAPLVLTLAVGAGAATTPPGDLEQPELEARVKEIIEVDGYQFRDLNDNGELDPYEDWRLPTPERVADLVGQMSLVEKSGLMLINTLNAACDPQTGEFGVLPAQADNYINTQHMHRFVFRNVVDVRAEGVECTGTGTPVVSPAEAATFTNAVQEMSEATRLGIPSLFKSNARNHIDPDARVGINEAAGAFSAFPKEAGIAAAALGEQARRTGEATTGDMSVVADFADVMGEEWASIGLRGMYGYMADLSTEPRWYRTHETFTEDAYLAAEIMETLVQTLQGEELTDNGLALSPQTRVALTLKHFPGGGPQELGLDPHYAFGKAQVYPAGRFEEHFLPFQAAIDAGVSSIMPYYGVPVDVPVVGGEPGETYPHTGFAFSDSIVNGLLRDQLGFTGYVNSDTGIINDRAWGLEGNTVPERVAAAINGGTDTLSGFSDVSVITDLYEADLISEERIDLAAERLLEPLFDMGLFENPYVDPDVATATVGADDHRAVGLDLQRKSLVLLQNEETDEGPVLPLKEGGDVYILGDFTEETVESYGYEVTNGNVAEGEERPSAAGSDYVLISMTAKTNAGDYVSDDPSLGLNPDHGTNPSVIIGDDGEPLPGLDGQSLWGAADVCVHKEGHEENPSCTDNRLRFGGAYPWESSILDFTGMEAAESWEVVPSLETIQEVMAEVEDPSKVILHVYFRQPYVLDEESGLRDAGAILAGFGMTDTALMDVLTGAYAPQGKLPFALAGTREAIIEQDSDRPGYDETEDGALYPFGYGLTYEDDTEEPTTPEPEPTTSPDDETPGDDRTPGDDQTPGDDETPADDDETPGDTTDDESPAAGADSGNLARTGAPVTALALVAVAALVLGTALLIQRRFARTQG,seq9.pdb,1.4865964160943528,0.5049398310917881,1.746432294797759,1.850191476325824,0.5270453904881958,0.7050589146610216,2.421871605968068,1.9382911014591653,0.8674659063009897,1.6743745448868252,1.976624829825862,1.158608096229818,30.661713131011133,1.4865964160943528,0.7105911842204264,0.38380829260470617,0.5980225962450318
pNP-β-GalA,O.O=C(O)[C@H]1O[C@@H](Oc2ccc([N+](=O)[O-])cc2)[C@H](O)[C@@H](O)[C@H]1O,MSRTPRVGLRTAVATAAAAPLVLTLAVGAGAATTPPGDLEQPELEARVKEIIEVDGYQFRDLNDNGELDPYEDWRLPTPERVADLVGQMSLVEKSGLMLINTLNAACDPQTGEFGVLPAQADNYINTQHMHRFVFRNVVDVRAEGVECTGTGTPVVSPAEAATFTNAVQEMSEATRLGIPSLFKSNARNHIDPDARVGINEAAGAFSAFPKEAGIAAAALGEQARRTGEATTGDMSVVADFADVMGEEWASIGLRGMYGYMADLSTEPRWYRTHETFTEDAYLAAEIMETLVQTLQGEELTDNGLALSPQTRVALTLKHFPGGGPQELGLDPHYAFGKAQVYPAGRFEEHFLPFQAAIDAGVSSIMPYYGVPVDVPVVGGEPGETYPHTGFAFSDSIVNGLLRDQLGFTGYVNSDTGIINDRAWGLEGNTVPERVAAAINGGTDTLSGFSDVSVITDLYEADLISEERIDLAAERLLEPLFDMGLFENPYVDPDVATATVGADDHRAVGLDLQRKSLVLLQNEETDEGPVLPLKEGGDVYILGDFTEETVESYGYEVTNGNVAEGEERPSAAGSDYVLISMTAKTNAGDYVSDDPSLGLNPDHGTNPSVIIGDDGEPLPGLDGQSLWGAADVCVHKEGHEENPSCTDNRLRFGGAYPWESSILDFTGMEAAESWEVVPSLETIQEVMAEVEDPSKVILHVYFRQPYVLDEESGLRDAGAILAGFGMTDTALMDVLTGAYAPQGKLPFALAGTREAIIEQDSDRPGYDETEDGALYPFGYGLTYEDDTEEPTTPEPEPTTSPDDETPGDDRTPGDDQTPGDDETPADDDETPGDTTDDESPAAGADSGNLARTGAPVTALALVAVAALVLGTALLIQRRFARTQG,seq9.pdb,1.581695791785945,0.4372058052222898,1.8001444101195676,1.866527649521988,0.7247079540984325,0.9482490870030604,2.451710774908411,1.9856392593126493,0.922214255828298,1.8449231547070768,2.0091935403653163,1.2636478319946536,38.16768258111451,1.581695791785945,0.6612154000190027,0.3740743800372679,0.5452285423765189
pNP-β-Gal,O.O=[N+]([O-])c1ccc(O[C@@H]2O[C@H](CO)[C@@H](O)[C@H](O)[C@H]2O)cc1,MSRTPRVGLRTAVATAAAAPLVLTLAVGAGAATTPPGDLEQPELEARVKEIIEVDGYQFRDLNDNGELDPYEDWRLPTPERVADLVGQMSLVEKSGLMLINTLNAACDPQTGEFGVLPAQADNYINTQHMHRFVFRNVVDVRAEGVECTGTGTPVVSPAEAATFTNAVQEMSEATRLGIPSLFKSNARNHIDPDARVGINEAAGAFSAFPKEAGIAAAALGEQARRTGEATTGDMSVVADFADVMGEEWASIGLRGMYGYMADLSTEPRWYRTHETFTEDAYLAAEIMETLVQTLQGEELTDNGLALSPQTRVALTLKHFPGGGPQELGLDPHYAFGKAQVYPAGRFEEHFLPFQAAIDAGVSSIMPYYGVPVDVPVVGGEPGETYPHTGFAFSDSIVNGLLRDQLGFTGYVNSDTGIINDRAWGLEGNTVPERVAAAINGGTDTLSGFSDVSVITDLYEADLISEERIDLAAERLLEPLFDMGLFENPYVDPDVATATVGADDHRAVGLDLQRKSLVLLQNEETDEGPVLPLKEGGDVYILGDFTEETVESYGYEVTNGNVAEGEERPSAAGSDYVLISMTAKTNAGDYVSDDPSLGLNPDHGTNPSVIIGDDGEPLPGLDGQSLWGAADVCVHKEGHEENPSCTDNRLRFGGAYPWESSILDFTGMEAAESWEVVPSLETIQEVMAEVEDPSKVILHVYFRQPYVLDEESGLRDAGAILAGFGMTDTALMDVLTGAYAPQGKLPFALAGTREAIIEQDSDRPGYDETEDGALYPFGYGLTYEDDTEEPTTPEPEPTTSPDDETPGDDRTPGDDQTPGDDETPADDDETPGDTTDDESPAAGADSGNLARTGAPVTALALVAVAALVLGTALLIQRRFARTQG,seq9.pdb,1.4865964235537474,0.5049398199508213,1.746432294797759,1.850191476325824,0.5270453904881958,0.7050589892549657,2.421871605968068,1.9382911014591653,0.8674659063009897,1.6743745448868252,1.976624829825862,1.158608096229818,30.661713657653376,1.4865964235537474,0.7105911763812025,0.3838082932803373,0.5980225864965769
pNP-β-Xyl,O.O=[N+]([O-])c1ccc(O[C@@H]2OC[C@@H](O)[C@H](O)[C@H]2O)cc1,MSRTPRVGLRTAVATAAAAPLVLTLAVGAGAATTPPGDLEQPELEARVKEIIEVDGYQFRDLNDNGELDPYEDWRLPTPERVADLVGQMSLVEKSGLMLINTLNAACDPQTGEFGVLPAQADNYINTQHMHRFVFRNVVDVRAEGVECTGTGTPVVSPAEAATFTNAVQEMSEATRLGIPSLFKSNARNHIDPDARVGINEAAGAFSAFPKEAGIAAAALGEQARRTGEATTGDMSVVADFADVMGEEWASIGLRGMYGYMADLSTEPRWYRTHETFTEDAYLAAEIMETLVQTLQGEELTDNGLALSPQTRVALTLKHFPGGGPQELGLDPHYAFGKAQVYPAGRFEEHFLPFQAAIDAGVSSIMPYYGVPVDVPVVGGEPGETYPHTGFAFSDSIVNGLLRDQLGFTGYVNSDTGIINDRAWGLEGNTVPERVAAAINGGTDTLSGFSDVSVITDLYEADLISEERIDLAAERLLEPLFDMGLFENPYVDPDVATATVGADDHRAVGLDLQRKSLVLLQNEETDEGPVLPLKEGGDVYILGDFTEETVESYGYEVTNGNVAEGEERPSAAGSDYVLISMTAKTNAGDYVSDDPSLGLNPDHGTNPSVIIGDDGEPLPGLDGQSLWGAADVCVHKEGHEENPSCTDNRLRFGGAYPWESSILDFTGMEAAESWEVVPSLETIQEVMAEVEDPSKVILHVYFRQPYVLDEESGLRDAGAILAGFGMTDTALMDVLTGAYAPQGKLPFALAGTREAIIEQDSDRPGYDETEDGALYPFGYGLTYEDDTEEPTTPEPEPTTSPDDETPGDDRTPGDDQTPGDDETPADDDETPGDTTDDESPAAGADSGNLARTGAPVTALALVAVAALVLGTALLIQRRFARTQG,seq9.pdb,1.4976940132501757,0.531319416963659,1.7163370697122873,1.7807953377956578,0.4150079222421025,0.7625047925531375,2.435749560604123,2.075824630579024,0.8949722242364526,1.8388641372818535,1.928051043743044,1.1288334137540688,31.455313159810007,1.4976940132501757,0.7289166049443921,0.3817605947440254,0.6209494868862901
pNP-α-Araf,O.O=[N+]([O-])c1ccc(O[C@@H]2O[C@@H](CO)[C@H](O)[C@H]2O)cc1,MSRTPRVGLRTAVATAAAAPLVLTLAVGAGAATTPPGDLEQPELEARVKEIIEVDGYQFRDLNDNGELDPYEDWRLPTPERVADLVGQMSLVEKSGLMLINTLNAACDPQTGEFGVLPAQADNYINTQHMHRFVFRNVVDVRAEGVECTGTGTPVVSPAEAATFTNAVQEMSEATRLGIPSLFKSNARNHIDPDARVGINEAAGAFSAFPKEAGIAAAALGEQARRTGEATTGDMSVVADFADVMGEEWASIGLRGMYGYMADLSTEPRWYRTHETFTEDAYLAAEIMETLVQTLQGEELTDNGLALSPQTRVALTLKHFPGGGPQELGLDPHYAFGKAQVYPAGRFEEHFLPFQAAIDAGVSSIMPYYGVPVDVPVVGGEPGETYPHTGFAFSDSIVNGLLRDQLGFTGYVNSDTGIINDRAWGLEGNTVPERVAAAINGGTDTLSGFSDVSVITDLYEADLISEERIDLAAERLLEPLFDMGLFENPYVDPDVATATVGADDHRAVGLDLQRKSLVLLQNEETDEGPVLPLKEGGDVYILGDFTEETVESYGYEVTNGNVAEGEERPSAAGSDYVLISMTAKTNAGDYVSDDPSLGLNPDHGTNPSVIIGDDGEPLPGLDGQSLWGAADVCVHKEGHEENPSCTDNRLRFGGAYPWESSILDFTGMEAAESWEVVPSLETIQEVMAEVEDPSKVILHVYFRQPYVLDEESGLRDAGAILAGFGMTDTALMDVLTGAYAPQGKLPFALAGTREAIIEQDSDRPGYDETEDGALYPFGYGLTYEDDTEEPTTPEPEPTTSPDDETPGDDRTPGDDQTPGDDETPADDDETPGDTTDDESPAAGADSGNLARTGAPVTALALVAVAALVLGTALLIQRRFARTQG,seq9.pdb,1.525845235304209,0.4875302392037284,1.7520638391945251,1.8841869203676551,0.5766525513419933,0.7872414870769099,2.3780386131319773,2.022385330175098,0.9113872898526472,1.7953210165121756,2.0139370189940284,1.1372382863950774,33.56179924776874,1.525845235304209,0.6982336565962203,0.37907864505854394,0.5863698662655737
