Substrate,SMILES,sequence,pdbpath,log10kcat_max,log10kcat_max_mve_uncal_var,log10kcat_max_model_0,log10kcat_max_model_1,log10kcat_max_model_2,log10kcat_max_model_3,log10kcat_max_model_4,log10kcat_max_model_5,log10kcat_max_model_6,log10kcat_max_model_7,log10kcat_max_model_8,log10kcat_max_model_9
Tyrosine,N[C@@H](Cc1ccc(O)cc1)C(=O)O.O,MTQQRQVASGSPHTVLAQQLISPLLLNHTNSKNPVTVVTIDGHSLSIEQLIRSTLGVGLGQKTLSAQPASTTTKNAVEFQLTNDRETIDRINESLQFMRARTGESTYGVTTGFGAAATTRTRHVQELQVSIVEHLLAGITGVDLSQLANQLKAPIHPSQPLTPNVMPESIVRAAILIRVNSLTRGHSAVRLELLHGLLSLLNLSITPVVPLRGTISASGDLAPLAYVAGALCAHPDVYVIDRSLKEPKVLSSAECLKAHGITPLVLGPKEGLAIANGTAFSAAAASMAMFQAHTLGLLSQVLTAMTVEAMVGQIGAFHPFIHQTARPHAGQIEVAKNIYRLLQTSQLLESHDEMADHDLDRERSKQILRQDRYPLRTAPQWIGPQLEDLLVAHQAIAKELNSTTDNPLVDVENGILHHGGNFQATSVATSMEKTRLAIAAIGKIIFAQVTELNNSFMNKGLPSCLNGHEPSTNYHTKGLDTSCAAYCAELQYLAGPVTTHVQSAEGHNQSINSLAFISARKTLEAIEILKMLMASHLYCLCQALDLRVLEIRLKNKLSGIFSETVEQNFGAQLSKKRMDAVVDKMIDRFWFRREMTASLDTKERVRDGLEGCVAVVMEAYELEKKQMPVGAMASFLSSSADMIAACLEGLRAEGIDHKTVDFLGGTRPLYEFVRNSLGIRARRGDVVEGTPGPTIGGMVNKIFRSLQFELLPTDQPQQFLQVLLSLFESPPAIHGDSNSKDSLCFLSPLAELDNFLNTNIFSTPFACAVSVPPVSFFLFFVLLPLALSQSSPSQLRSPSVSSFTLSTPLLFFLPPQDPPSLHYVTLNLCSSPTSQPIDFQFNNILIVSNSSDNKTSSPDQLPARSKKSIISHQSSSGDYSDLRGGFASVSLVNSVGLWISIQSPNLTKSWDFQLGVSKETPLHALNGFPAFKLDDTDDTNALMTAADPSLFQPLTDKTPLSLQQFVPMILPTPDTLQIGLSGSLCYLQSLVAAQSQDFKTHVAQLSITSSLTTRTTGAGSFSSQPTGNATDHDYRISDQAAGLRTQYLINNLRPALNYSAWLFQPGPLVDNVQTGKLWPYINFRTKISKNCRLVHDLPFCPSVAYAVPSSPSQTTSSLIDMYNQTVSVHLANFRTVVSTYPCNNDTSGRYSFVTGCGDCLRAYTDWVCAVGMPRCTDAPARPVVAAAATETQVVFTRTEPSASRTPNMTDKSVYPYAELPPCASLCTLVAATCPPLIGWTCPLPGVSLGSSYRDSRPLSPLELSGGHQSLAGFGGDRAQDRFGNVFCNALESDIVYARMGSASPLRISVQTLASLLVAQSFFFFFFLLA,seq1.pdb,0.1875477124104541,0.7859260430743971,-0.45244012941706646,0.23822022521579456,-0.14328224634578068,0.1944607322791997,0.30176277804253315,1.3087646860656992,0.21759166783497752,-0.9420859172424881,1.0652673141056719,0.0872180135659999
Tyrosine,N[C@@H](Cc1ccc(O)cc1)C(=O)O.O,MVIRCNSLLRGHSAIRLSVLETLIKLINLNITPVVPLRGSISASGDLSPLSYIAGALTGHPDVKVHVVKDGKEEIMAAPEALALHGIQPVTLEAKEGLAILNGTAVSASAAALVLHDAHFLNLLSQATTALTVEAMVGHVGSFHPFIHDEARPHPTQIEVAKNLRTLLEGSSFAVQDEEEVDVKADEGTLRQDRYPLRCSAQWLGPLTSDLLHAHSVITTELNSTTDNPLIDVALGRVHHGGGFMAMAVTNVAEKTRLGLQQIGKMSFAQLTEVLNCSMSRGLPSCLAAEDPSTNYHAKGCDIAAAAYTSELGYLANPVVSPSEQGDDLRLRRSQADAPPSCSVQPAEMANQAINSLALISARKTAEANDVLSLLLATHLYCVLQAIDLRAIEFEFKKLFDPTLVTSLKQHMGAFLSTDAEVDSLATKVKKALNKRLEQTATYDLVPRWHDAFSSATGVVVEHLAASPAAAATGSANPLVALHEWKLSSAQTAIALTRQVREQFWTTPSSQAPALHYLGRTKALYSFVRDEVGVKARRGDVFVGKPEATIGSSVSKIYEAIKSGAINEVLIGMLDA,seq2.pdb,0.3416332864923525,0.7352365409256257,-1.4840276294980943,0.216006944359193,0.23622329560542643,0.572211824667358,0.7151416288845839,0.08174500616489722,0.25828768694978965,0.6038689723463964,1.1978218093539672,1.0190533260900068
Tyrosine,N[C@@H](Cc1ccc(O)cc1)C(=O)O.O,MGKATGHLKYDVHQQWPTPHVNKALESWARATELVKTGSVIIDGESLDIASVVALARYGCGVSIKRSAEIQDRINASVDTLQGYLANGYFLYGVNTGFGGSADTRTKDLLGLQRALMQHTQSAILTAQDRSDSQSSHEYLESHSMPSAWTRATMLLRCNTNIRGHSAMTANVVDTMIRLLQHDIVPIVPLRGSISASGDLMPLSYISGAIQGNPDVYVRVGGNRGFHKTMTAEQALRGASIEPVVLGPKEGLSLINGTAAAAAVATLGLYEANQLAVISQLLTALSSEALYANNEWAHPFIAAVRPHTGQIEAAQNIRNFLWGSKLIYGLEQTKDRFKSGLAQERYALRSSPQWLSPLLEDLMSAERQLTVEINSTTDNPVVNVSDNDIHCGANFQAAAVTSATEKIRLALQSIGKMLFSQTTEMINHDLSNGLPPNLAADDPSLSFCLKGIDVNTAAYTSELGFLANPVSNHVQSAEMHNQAINSLGLLSARQTMNAVEVLSLIVANCLYTGCQGVDLRTLHRTFLAQVQEPVRKLVSALVDDDEEKASSLFKAQWNLFEEAWYDYSYLDAGERCDKVSETLATAALSCAHLTGGLAVAKLEEARQALSSLVLESYEAHRDAFFQNPTTPDHLGEGTRVAYLFVRERLGVPLHRGLVEHPVANDPSGNMIEGRPKKTIGSWVSTIYEAVRDGSLYGEMFRFLETVGQEKANGSNGDVLSKHHGGNGVVSVKQNGNHGPNGTNGANGANGANGANGSNGTNGTNGTNGTNGFNGSH,seq3.pdb,0.033220899027171624,0.5709072945643086,-0.3918415011845152,-0.6386218396465665,0.10244283645504892,0.491819693392502,-0.7587992477092028,-0.2504138698117059,0.4107405021640439,-0.36268710465015774,1.0244870597795896,0.7050824614826798
Tyrosine,N[C@@H](Cc1ccc(O)cc1)C(=O)O.O,MAITTLRVQRRSISVPIPEGSLKVTAVAVAPKSAPEPSPTPVQKTPLLSEFVESHKELESYRHGRPVMIDGQNLSIAAVTAASRYSAPVVLDNSPAIITRMDKSRDVITTKVDAGTSVYGVSTGFGGSAVTRTDQPLVLGNALLQLLQSGVLPSSSKPLDALPLLDPVASTTMPESWVRGAILIRMNSLIRGHSGVRMDLITKMNELLDADITPVVPLRGSISASGDLSPLSYVAGALTGNPSIRVFDGSRTFGAREICSSQDALKSHNIAPIALASKEHLGLLNGTAFSASVAALALNDAVHLALLAQVCTAMGTEALAGTRGSFDPFIHDVARPHPGQIESAKLIWDLLEGSTFATTSEDEVTIEEDEGILKQDRYPLRTSPQFIGPQIEDLLESLKTITIECNSNNPLVDGETGKIHNGGNFQAMAVTNAMEKTRLGLHHLGKLLFSQCTELVNPAMNRGLPPSLAATDPSLDYHCKGVDIASAAYVAELGYLANPVSTHIQSAEMHNQAVNSMALVSARATINSLEVLSMLTASYLYALCQALDLRALQKELIEGLNKIITEALSGSFGQSLSTAEHKLLVTKISNAMQDTLEATSTMDAADRMQKVAASSTTILVDFFTGPAAFDDMASLGSTLACIPEFRSAIASQATALLDTLRREYLSGGRGAAPASRYLNKTRPVYEFVRETLGVKMHGSENYTRFAKGMYVDDQSVGQNVSLIHEAIRDVHVEDMASLLDDKVVIVGAGCFGVSTAYHLLKRGFTDITILDRSPTLPAPDAASNDMNRIVRSSYSDIFYSKLAREAITAWKDRNEWRDTYQEYAASNHPGHPATKLIAHLRSGVLVLGLSENKAYADAAYQNDVVLGATLTHLSNAEAIRASLPKVPTATFEGNTGYLNMEGGWADAGQGVAIMIETVVSHGCKVLPGKPVRRVSRNKDGKTNGVVCEDGTFYAAATIVIATGSWTPSTFPDISPSHTTGLSTGRQCIAMIQLNEEEAALYKDVPVILDFRTGFYIFPPTSKGIIKMAMHLAGYTHTKGGVSTPRTITDSPSRGLLIPKHNVRELRTQLRNIYPKLAEKPFSATRLCWYNDSPDGNWIIGRVPEDSSLILATAGSGHAYKFLPVIGRLVADTVDGTIQPNVAAKFSIARSYIGADESRPGMPIAELDLDQLCMPEDLQANSLSRF,seq4.pdb,0.7651967145614369,0.2827488470362014,1.1373982779726488,1.3228385989926614,1.07160801069579,0.8351480551952318,0.5598769700863311,0.8703907659263213,0.7571456776722099,0.4333992580542563,0.3642885159538619,0.29987301506505526
Tyrosine,N[C@@H](Cc1ccc(O)cc1)C(=O)O.O,MPESWVRGAILVRANSLIRGHSGVRWELVEKMIELLRSNITPLVPLRGSISASGDLSPLSYIAGTLIGNPSIRVFDGPSVFGARQIVSSRDALAKHNIAPIPLAAKEHLGVLNGTAFSASIAALALNDAAHLAMLAQICTAMGTEALLGERGNYHYFIHEVARPHPGQVEAARTIWDLLEGSQFAHAEEKEVTIEEDDGELRQDRYPLRTAPQFLGPQIEDIISALNTVTLECNSTTDNPLFDGETGDVHHGGNFQAMAVTNAMEKTRLALHHIGKLLFAQSTELINPTMNRGLPPSLAASDPSLNYHTKGLDIAVAAYVGELGYLASPVSTHIQSAEMHNQAVNSLALISARATVNSLEVLSLLTSTYLYLICQALDLRAMQFEFRRGLAEIVDEELRTHFGASLAPSDASSILRKVSSIMFKTLDHTSTMDAIPRMAAVSSASSSVLVEYFTSSAAVEVTALSALPAFRGAVSSRAVQLLNTLRTDYLTGARGPAPASAYLNKTRPIYEFVRVTLGIGMHGKENLDLFSEGLGVQDVTIGQNVSLIHERGFTDVTAIDRSEVLPAPDAASTDINKIVRTSYSDRFYTQLAHDSIQCWKDIEEWGDTYHECGMKGFLNRDGGWAFAAQGITKMTERVLSMGGKVIGGKGARGLSKVGGRTTGVKCSDGTIMSADLVVIASGSWTASSFTDLGLETSCLATGQSVATIDLTPDEADRYRKCPVILDFATGFYMFPPNSENIMKMAIHAVGHTNYASNNTSKNISTPRTILSHDKEGLLIPKAIARLLRKQMSQIYPELAHKPFSSTRLCWYTDSPDGDWVIGYYPSDAGLVLATAGSGHAYKFLPVLGRLVADSIQGTLDESIAQKFSPNRSYAKHDPSRSRAAITDLASEQLCTAEDLLPQ,seq5.pdb,0.5173560297122937,0.3159713894315482,0.6456061985963086,0.7624206381519735,0.8923271540627681,0.18609641387908282,0.19508806734829998,0.9517247793917508,0.5212632657831273,0.6703997585700625,0.29917297576519597,0.04946104557436659
Tyrosine,N[C@@H](Cc1ccc(O)cc1)C(=O)O.O,MVMLSAETRTGIQRRRSSAATLPFGDGIIKVQTSKALKPMSTLPAELPLLQFFMDSNTELEDYKCGKYVTVDGKTLSIAAIVAASRQGTSVQLDQSPRTKEKVDQSRKTIADKVDNGISVYGVSTGFGGSADTRTDSPLALGHALLQMQHAGVLPSSTKTLDILPLLDPMGSVMPEAWVRAAMLVRMNSLIRGHSGVRWELIERMNQVLSANIIPVVPLRGSISASGDLSPLSYIAGTLCGNPSIRVFDGPSVFGFRQMVSSREALARHHIAPIPLASKEHLGILNGTAFSAAVASLALDDAVKLTLLSHVLTAMGVEALCGTRGSFDPFIHDVARPHPGQIESAKLIWNLLESSQFAVLKEEEVTIEEDEGTLRQDRYSLRTAPQFLGPQIEDLLASLATVTKECNSTTDNPLVDGTTGHVHHGGNFQAMAVTNAMEKTRLSLHHIGKLMFAQCAELMDPSMNRGLPPSLASTDPSLNYHAKGIDIATAAYVSELGYLASPVSTHIQSAEMHNQAVNSLALISTRQTLTSLDVLSILMSSYLYVICQALDLRALQHEFLIGLASICHEEVLASFGSVLPPSEFSVVEQHVRKAAIATFEKTSTLDLHERMHKVAASSTTVLVDFLTCSVNADAASSLVHIPEFRRRFSEKMALLMVDLREAYLFGKRGPAPASPYLTKTKPVYEFVRLTLGIRMHGSENYNRFVNGHGVDESTVAKDASSNDINRIVRTSYTDPFYAKLAKEAIKSWKEDVDIWGDSYHESGVLLIAGKYADEAYLNEVQQGLRLTQFERFSMVHQSFPSNVAVYLPEDTKGYLNHDNGWVDAGKATFLLTKKVIALGGKLILGKRATRLLRKGGITEAVECHDGTVVGASLVVIAAGPWSPSIFPELEYKDKSLATGQCVAMVQLSQEEADIYRNVPVVLNYSTGFYCFPPTKDNIVKIAIHAPGFTHTIDNISIPRTVTTHPEDGLFIPKAFAQRLRDEFAAVYPELAKKAFSSTRLCWYNDSPDGDWIIGRHPIDSSILFATGGSGHAFKFLPVIGRIVADAIQGTLDSLVAEKFAYDREITHVDGSRDGTGMLGRTLGGARGEGEKGVE,seq6.pdb,0.7107669974172686,0.2731037207991206,0.8668261948533462,0.8712234829879213,0.6791625826837137,0.8452930677943641,0.4113157706602273,0.8335001257842253,0.4696362003842073,1.1739097260165463,0.5226158529051614,0.43418697010297214
Tyrosine,N[C@@H](Cc1ccc(O)cc1)C(=O)O.O,MTIFSADTFSITRPHSNSLSTLKVIATPVTESPPSPVASSTSPNATNLVEEFINAHKELQSYKSGRPVVLDGHTLSIAAVAAAARYDAGVELDDSPLVKDRLLQSRQVVADKVEQGTSIYGVTTGFGGSADTRTDQPILLGNALMQMQHSGILPSSSKPLDALPLQDPFGLAMPESWVRGAMLIRMNSLIRGHSGVRWELVEKMNDLLRANITPVVPLRGSISASGDLQPLSYVAGALYGNPSIRVFDGERTSAFGPRKVVSSVEALEAHNLSPISLACKEHLGILNGTAFSASVAALALHDAVHLTLLTQVLTAMGTEALAGTRGNFDPFIHAVARPHPGQVETADVIWNLLEGSKFATTEEEEVTIDEDKGHLRQDRYPLRTSPQFIGPQVEDLIASLATITLECNSTTDNPLVDGETGKVHNGGNFQAMAVTNAMEKTRLSLHHLGKLVFSQCAELINPTMNRGLPPSLAATDPSLNYHAKGIDIASAAYVAELGYLANPVSTHIQSAEMHNQAINSMALVSGRATITSLEVLSLLIASYLYAICQALDLRALQHELYEGLDAIVKEEIIAAFSPFLHDYEITRFTAISCHIVRDAMDSTSTMDAKDRMTSVAASLTTPLVDFLTGEAFSDVVSVGQALTSIPAFRARIAARGYELLDELRRAYLSGGRGLAPASRFLNKTRPVYEFVRLTLGIKMHGVENYNDFETGVGVDDVTTGQNVSLIHETDDKILIVGAGCFGLSTASHLLDRGFKDITILDKAASLPATDAASYDLNKIVRTSYDDVFYTKLAQEAIAQWKTEEWGDTYHECGVLVLGHSDDKHSYSSQSYVNDISIGARVAVVENSTEIRNKGMFPDGVRVASLQNTAGYLNYDGGWANAAQGVELLTSRIRARGGKFVPGKEVYKLVGNPEDGRTKGVECRDGSMYDADLVIIATGAWTASAFPQLRLKEKCLATGQSVATIQLTAEEAEIYRRCPVVLNFSTGFYVFPPNQDNVVKMAMHAAGYTYVPQDTPSPSNDLGISTPRTISNANENGLRIPKVVLAQLRAHLREVYPDLAEKPFLGTRLCWYNDSPDGDWVIGFHSDDPAVLLATAGSGHAYKFFPVIGKLVADAIEGKLDPLLASKFAVDRRHSDVDQSRYGQTVEALHLDSLCTPEDLRP,seq7.pdb,0.5852161325447366,0.4620434139322695,1.4575626218054336,0.8075337500934946,0.8877463586097734,0.6386673207368729,0.522601779514392,1.4504482989896932,-0.1707544002548883,0.10619809451355433,0.37129055001922373,-0.2191330485801838
Tyrosine,N[C@@H](Cc1ccc(O)cc1)C(=O)O.O,MAPPERAGKSVFLGNIPYNLTEEQVKDILSSAGTVTKFRLMMNPETGKPKGYGFADFADADAAASAVRNLNDYEVMGRKIRVDWPHNNEKDSIPPDYSQTSQVPGQDGQMGAQQSSAPLPPLPPGVDLPPHLDCPNAISQTLSSLPPNQLLDVLSQMKSLVMADPARATELLRQAPQLAYAIFQALLLMNLVDYSTLGTVVEQAAQSQSAAAAPPAAQPFQPFSAVPGPVSTPPQPQQQVPGQDELLQQVLSMPQSAIDALPPMERSQIMLLRQQLMQGAMRYGCIPKITTDPAVLEKIEASVQVLRDHLDKGYHVYGVNTGFGGSADSRTDQVVALQSGLSQLLQAGVLVASDKDTNVDLERQVRLDSHAVPVPWVRAAMLVRCNSNARGHSAVTLSVMKSILQLLESRITPVVPLRGSISASGDLIPLSYIAGAIEGNPDVHVHVQKSHKSQIMSSRDALLSAGMEPQVLGPKEGLGLVNGTSFSAALSSLVMYETHQLVVLVQAISAVALEALMGNAESFHPFISAIRPHDGQMECARNILSFLQGSRLAQGIQSVKTHTRQGLMQDRYALRCVPQWVGPQLEDLLLAHKQVTVELNSTTDNPLIDPETGDILHGGNFQAVSVTSAMEKTRSCLQMFGRLLFSQSTELVDPSLNNGLPTNLVADDPSLSFTMKGVDISMASYMAELAYLANPVSSHVQAAEMRNQSINSMAFVSSRYTMQAVEIVSLMCACSLYIGCQALDLRVLHLTYLDNIKPQLHLLTSDLFSSYLSDQELATLTESLWENISKSWSTTTRQGIPERVQVAVKNAIPTLLDTLKEKRGPGLSDLNRWETQAADLLNKTYQNTADTFFNQQNTEEFLGAGAKILYRTVRQDLNVPFHLGFVEHPTVNNETLNGRSKKTIGSWISIIYEAIRDGRLMGPFMESLASKSSSADDSLTKIRSLRMSRL,seq8.pdb,0.5572547443079987,0.555218311224067,-0.6874940015054133,0.4552761699526815,0.7414025760601989,0.6920984655362545,1.0623012475424385,1.1362065402585422,0.8753507223967045,0.8294713441653696,-0.32396140997235123,0.7918957886455618
pNP-β-GlcA,O.O=C(O)C1OC(Oc2ccc([N+](=O)[O-])cc2)C(O)C(O)C1O,MSRTPRVGLRTAVATAAAAPLVLTLAVGAGAATTPPGDLEQPELEARVKEIIEVDGYQFRDLNDNGELDPYEDWRLPTPERVADLVGQMSLVEKSGLMLINTLNAACDPQTGEFGVLPAQADNYINTQHMHRFVFRNVVDVRAEGVECTGTGTPVVSPAEAATFTNAVQEMSEATRLGIPSLFKSNARNHIDPDARVGINEAAGAFSAFPKEAGIAAAALGEQARRTGEATTGDMSVVADFADVMGEEWASIGLRGMYGYMADLSTEPRWYRTHETFTEDAYLAAEIMETLVQTLQGEELTDNGLALSPQTRVALTLKHFPGGGPQELGLDPHYAFGKAQVYPAGRFEEHFLPFQAAIDAGVSSIMPYYGVPVDVPVVGGEPGETYPHTGFAFSDSIVNGLLRDQLGFTGYVNSDTGIINDRAWGLEGNTVPERVAAAINGGTDTLSGFSDVSVITDLYEADLISEERIDLAAERLLEPLFDMGLFENPYVDPDVATATVGADDHRAVGLDLQRKSLVLLQNEETDEGPVLPLKEGGDVYILGDFTEETVESYGYEVTNGNVAEGEERPSAAGSDYVLISMTAKTNAGDYVSDDPSLGLNPDHGTNPSVIIGDDGEPLPGLDGQSLWGAADVCVHKEGHEENPSCTDNRLRFGGAYPWESSILDFTGMEAAESWEVVPSLETIQEVMAEVEDPSKVILHVYFRQPYVLDEESGLRDAGAILAGFGMTDTALMDVLTGAYAPQGKLPFALAGTREAIIEQDSDRPGYDETEDGALYPFGYGLTYEDDTEEPTTPEPEPTTSPDDETPGDDRTPGDDQTPGDDETPADDDETPGDTTDDESPAAGADSGNLARTGAPVTALALVAVAALVLGTALLIQRRFARTQG,seq9.pdb,1.3851534299867043,0.7282100914125107,1.6592595242833545,1.3623810973573467,0.3091689123672299,0.27839721966820474,2.0058923107793345,1.3100012298755062,1.1026242223432705,2.175245428323631,2.322828750873097,1.3257356039960682
pNP-β-Glc,O.O=[N+]([O-])c1ccc(O[C@@H]2O[C@H](CO)[C@@H](O)[C@H](O)[C@H]2O)cc1,MSRTPRVGLRTAVATAAAAPLVLTLAVGAGAATTPPGDLEQPELEARVKEIIEVDGYQFRDLNDNGELDPYEDWRLPTPERVADLVGQMSLVEKSGLMLINTLNAACDPQTGEFGVLPAQADNYINTQHMHRFVFRNVVDVRAEGVECTGTGTPVVSPAEAATFTNAVQEMSEATRLGIPSLFKSNARNHIDPDARVGINEAAGAFSAFPKEAGIAAAALGEQARRTGEATTGDMSVVADFADVMGEEWASIGLRGMYGYMADLSTEPRWYRTHETFTEDAYLAAEIMETLVQTLQGEELTDNGLALSPQTRVALTLKHFPGGGPQELGLDPHYAFGKAQVYPAGRFEEHFLPFQAAIDAGVSSIMPYYGVPVDVPVVGGEPGETYPHTGFAFSDSIVNGLLRDQLGFTGYVNSDTGIINDRAWGLEGNTVPERVAAAINGGTDTLSGFSDVSVITDLYEADLISEERIDLAAERLLEPLFDMGLFENPYVDPDVATATVGADDHRAVGLDLQRKSLVLLQNEETDEGPVLPLKEGGDVYILGDFTEETVESYGYEVTNGNVAEGEERPSAAGSDYVLISMTAKTNAGDYVSDDPSLGLNPDHGTNPSVIIGDDGEPLPGLDGQSLWGAADVCVHKEGHEENPSCTDNRLRFGGAYPWESSILDFTGMEAAESWEVVPSLETIQEVMAEVEDPSKVILHVYFRQPYVLDEESGLRDAGAILAGFGMTDTALMDVLTGAYAPQGKLPFALAGTREAIIEQDSDRPGYDETEDGALYPFGYGLTYEDDTEEPTTPEPEPTTSPDDETPGDDRTPGDDQTPGDDETPADDDETPGDTTDDESPAAGADSGNLARTGAPVTALALVAVAALVLGTALLIQRRFARTQG,seq9.pdb,1.4865964160943528,0.5049398310917881,1.746432294797759,1.8501914763258238,0.5270453904881958,0.7050589146610216,2.4218716059680676,1.9382911014591655,0.8674659063009897,1.6743745448868252,1.976624829825862,1.158608096229818
pNP-β-GalA,O.O=C(O)[C@H]1O[C@@H](Oc2ccc([N+](=O)[O-])cc2)[C@H](O)[C@@H](O)[C@H]1O,MSRTPRVGLRTAVATAAAAPLVLTLAVGAGAATTPPGDLEQPELEARVKEIIEVDGYQFRDLNDNGELDPYEDWRLPTPERVADLVGQMSLVEKSGLMLINTLNAACDPQTGEFGVLPAQADNYINTQHMHRFVFRNVVDVRAEGVECTGTGTPVVSPAEAATFTNAVQEMSEATRLGIPSLFKSNARNHIDPDARVGINEAAGAFSAFPKEAGIAAAALGEQARRTGEATTGDMSVVADFADVMGEEWASIGLRGMYGYMADLSTEPRWYRTHETFTEDAYLAAEIMETLVQTLQGEELTDNGLALSPQTRVALTLKHFPGGGPQELGLDPHYAFGKAQVYPAGRFEEHFLPFQAAIDAGVSSIMPYYGVPVDVPVVGGEPGETYPHTGFAFSDSIVNGLLRDQLGFTGYVNSDTGIINDRAWGLEGNTVPERVAAAINGGTDTLSGFSDVSVITDLYEADLISEERIDLAAERLLEPLFDMGLFENPYVDPDVATATVGADDHRAVGLDLQRKSLVLLQNEETDEGPVLPLKEGGDVYILGDFTEETVESYGYEVTNGNVAEGEERPSAAGSDYVLISMTAKTNAGDYVSDDPSLGLNPDHGTNPSVIIGDDGEPLPGLDGQSLWGAADVCVHKEGHEENPSCTDNRLRFGGAYPWESSILDFTGMEAAESWEVVPSLETIQEVMAEVEDPSKVILHVYFRQPYVLDEESGLRDAGAILAGFGMTDTALMDVLTGAYAPQGKLPFALAGTREAIIEQDSDRPGYDETEDGALYPFGYGLTYEDDTEEPTTPEPEPTTSPDDETPGDDRTPGDDQTPGDDETPADDDETPGDTTDDESPAAGADSGNLARTGAPVTALALVAVAALVLGTALLIQRRFARTQG,seq9.pdb,1.5816957917859453,0.4372058052222898,1.8001444101195676,1.8665276495219878,0.7247079540984325,0.9482490870030604,2.451710774908411,1.9856392593126495,0.9222142558282981,1.8449231547070766,2.0091935403653163,1.2636478319946536
pNP-β-Gal,O.O=[N+]([O-])c1ccc(O[C@@H]2O[C@H](CO)[C@@H](O)[C@H](O)[C@H]2O)cc1,MSRTPRVGLRTAVATAAAAPLVLTLAVGAGAATTPPGDLEQPELEARVKEIIEVDGYQFRDLNDNGELDPYEDWRLPTPERVADLVGQMSLVEKSGLMLINTLNAACDPQTGEFGVLPAQADNYINTQHMHRFVFRNVVDVRAEGVECTGTGTPVVSPAEAATFTNAVQEMSEATRLGIPSLFKSNARNHIDPDARVGINEAAGAFSAFPKEAGIAAAALGEQARRTGEATTGDMSVVADFADVMGEEWASIGLRGMYGYMADLSTEPRWYRTHETFTEDAYLAAEIMETLVQTLQGEELTDNGLALSPQTRVALTLKHFPGGGPQELGLDPHYAFGKAQVYPAGRFEEHFLPFQAAIDAGVSSIMPYYGVPVDVPVVGGEPGETYPHTGFAFSDSIVNGLLRDQLGFTGYVNSDTGIINDRAWGLEGNTVPERVAAAINGGTDTLSGFSDVSVITDLYEADLISEERIDLAAERLLEPLFDMGLFENPYVDPDVATATVGADDHRAVGLDLQRKSLVLLQNEETDEGPVLPLKEGGDVYILGDFTEETVESYGYEVTNGNVAEGEERPSAAGSDYVLISMTAKTNAGDYVSDDPSLGLNPDHGTNPSVIIGDDGEPLPGLDGQSLWGAADVCVHKEGHEENPSCTDNRLRFGGAYPWESSILDFTGMEAAESWEVVPSLETIQEVMAEVEDPSKVILHVYFRQPYVLDEESGLRDAGAILAGFGMTDTALMDVLTGAYAPQGKLPFALAGTREAIIEQDSDRPGYDETEDGALYPFGYGLTYEDDTEEPTTPEPEPTTSPDDETPGDDRTPGDDQTPGDDETPADDDETPGDTTDDESPAAGADSGNLARTGAPVTALALVAVAALVLGTALLIQRRFARTQG,seq9.pdb,1.4865964235537474,0.5049398199508213,1.746432294797759,1.8501914763258238,0.5270453904881958,0.7050589892549657,2.4218716059680676,1.9382911014591655,0.8674659063009897,1.6743745448868252,1.976624829825862,1.158608096229818
pNP-β-Xyl,O.O=[N+]([O-])c1ccc(O[C@@H]2OC[C@@H](O)[C@H](O)[C@H]2O)cc1,MSRTPRVGLRTAVATAAAAPLVLTLAVGAGAATTPPGDLEQPELEARVKEIIEVDGYQFRDLNDNGELDPYEDWRLPTPERVADLVGQMSLVEKSGLMLINTLNAACDPQTGEFGVLPAQADNYINTQHMHRFVFRNVVDVRAEGVECTGTGTPVVSPAEAATFTNAVQEMSEATRLGIPSLFKSNARNHIDPDARVGINEAAGAFSAFPKEAGIAAAALGEQARRTGEATTGDMSVVADFADVMGEEWASIGLRGMYGYMADLSTEPRWYRTHETFTEDAYLAAEIMETLVQTLQGEELTDNGLALSPQTRVALTLKHFPGGGPQELGLDPHYAFGKAQVYPAGRFEEHFLPFQAAIDAGVSSIMPYYGVPVDVPVVGGEPGETYPHTGFAFSDSIVNGLLRDQLGFTGYVNSDTGIINDRAWGLEGNTVPERVAAAINGGTDTLSGFSDVSVITDLYEADLISEERIDLAAERLLEPLFDMGLFENPYVDPDVATATVGADDHRAVGLDLQRKSLVLLQNEETDEGPVLPLKEGGDVYILGDFTEETVESYGYEVTNGNVAEGEERPSAAGSDYVLISMTAKTNAGDYVSDDPSLGLNPDHGTNPSVIIGDDGEPLPGLDGQSLWGAADVCVHKEGHEENPSCTDNRLRFGGAYPWESSILDFTGMEAAESWEVVPSLETIQEVMAEVEDPSKVILHVYFRQPYVLDEESGLRDAGAILAGFGMTDTALMDVLTGAYAPQGKLPFALAGTREAIIEQDSDRPGYDETEDGALYPFGYGLTYEDDTEEPTTPEPEPTTSPDDETPGDDRTPGDDQTPGDDETPADDDETPGDTTDDESPAAGADSGNLARTGAPVTALALVAVAALVLGTALLIQRRFARTQG,seq9.pdb,1.4976940132501755,0.531319416963659,1.7163370697122873,1.7807953377956578,0.4150079222421025,0.7625047925531375,2.435749560604123,2.075824630579024,0.8949722242364526,1.8388641372818537,1.928051043743044,1.1288334137540688
pNP-α-Araf,O.O=[N+]([O-])c1ccc(O[C@@H]2O[C@@H](CO)[C@H](O)[C@H]2O)cc1,MSRTPRVGLRTAVATAAAAPLVLTLAVGAGAATTPPGDLEQPELEARVKEIIEVDGYQFRDLNDNGELDPYEDWRLPTPERVADLVGQMSLVEKSGLMLINTLNAACDPQTGEFGVLPAQADNYINTQHMHRFVFRNVVDVRAEGVECTGTGTPVVSPAEAATFTNAVQEMSEATRLGIPSLFKSNARNHIDPDARVGINEAAGAFSAFPKEAGIAAAALGEQARRTGEATTGDMSVVADFADVMGEEWASIGLRGMYGYMADLSTEPRWYRTHETFTEDAYLAAEIMETLVQTLQGEELTDNGLALSPQTRVALTLKHFPGGGPQELGLDPHYAFGKAQVYPAGRFEEHFLPFQAAIDAGVSSIMPYYGVPVDVPVVGGEPGETYPHTGFAFSDSIVNGLLRDQLGFTGYVNSDTGIINDRAWGLEGNTVPERVAAAINGGTDTLSGFSDVSVITDLYEADLISEERIDLAAERLLEPLFDMGLFENPYVDPDVATATVGADDHRAVGLDLQRKSLVLLQNEETDEGPVLPLKEGGDVYILGDFTEETVESYGYEVTNGNVAEGEERPSAAGSDYVLISMTAKTNAGDYVSDDPSLGLNPDHGTNPSVIIGDDGEPLPGLDGQSLWGAADVCVHKEGHEENPSCTDNRLRFGGAYPWESSILDFTGMEAAESWEVVPSLETIQEVMAEVEDPSKVILHVYFRQPYVLDEESGLRDAGAILAGFGMTDTALMDVLTGAYAPQGKLPFALAGTREAIIEQDSDRPGYDETEDGALYPFGYGLTYEDDTEEPTTPEPEPTTSPDDETPGDDRTPGDDQTPGDDETPADDDETPGDTTDDESPAAGADSGNLARTGAPVTALALVAVAALVLGTALLIQRRFARTQG,seq9.pdb,1.525845235304209,0.4875302392037284,1.7520638391945251,1.8841869203676551,0.5766525513419933,0.7872414870769099,2.3780386131319773,2.022385330175098,0.9113872898526473,1.7953210165121756,2.0139370189940284,1.1372382863950774
